{"count":1,"self":1196.8700416,"total":9569.0055027,"children":{"InitializeActuators":{"count":1,"self":0.0015050999999999999,"total":0.0015050999999999999,"children":null},"InitializeSensors":{"count":1,"self":0.0030084,"total":0.0030084,"children":null},"AgentSendState":{"count":6801701,"self":7.8048784,"total":1589.4388416,"children":{"CollectObservations":{"count":1360341,"self":4.7381319999999993,"total":4.7381318,"children":null},"WriteActionMask":{"count":1360341,"self":0.73376849999999993,"total":0.73376849999999993,"children":null},"RequestDecision":{"count":1360341,"self":4.5723036,"total":1576.1620630999998,"children":{"AgentInfo.ToProto":{"count":1360341,"self":4.7190056,"total":1571.5897595,"children":{"GenerateSensorData":{"count":1360341,"self":25.4382608,"total":1566.870754,"children":{"CameraSensor.GetCompressedObservation":{"count":1360341,"self":1541.4325248,"total":1541.4324924999999,"children":null}}}}}}}}},"DecideAction":{"count":6801701,"self":6712.4051967999994,"total":6712.4050414999992,"children":null},"AgentAct":{"count":6801701,"self":66.523059199999992,"total":66.523056099999991,"children":null},"AgentInfo.ToProto":{"count":3065,"self":0.0186303,"total":3.7627658999999998,"children":{"GenerateSensorData":{"count":3065,"self":0.0620147,"total":3.7441356,"children":{"CameraSensor.GetCompressedObservation":{"count":3065,"self":3.6821208,"total":3.6821208999999997,"children":null}}}}}},"gauges":{"MarioAgent.CumulativeReward":{"count":3065,"max":1.772695,"min":-2.31341314,"runningAverage":0.865230739,"value":1.59501052,"weightedAverage":0.9757556}},"metadata":{"timer_format_version":"0.1.0","start_time_seconds":"1733414403","unity_version":"2022.3.10f1","command_line_arguments":"C:\\Program Files\\Unity\\Hub\\Editor\\2022.3.10f1\\Editor\\Unity.exe -projectpath C:\\Users\\alecp\\Unity Projects\\Mario AI -useHub -hubIPC -cloudEnvironment production -licensingIpc LicenseClient-alecp -hubSessionId 7d27fd0d-dd6c-4b93-8597-2bdf0b932b2c -accessToken GBYaYDF10UPgXLNV31FONlGG45K08yAD0MCQmPqXpdY012f","communication_protocol_version":"1.5.0","com.unity.ml-agents_version":"2.0.1","scene_name":"FinalLevelVeryShort","end_time_seconds":"1733423972"}}