{"count":1,"self":255.1186176,"total":1570.2517275999999,"children":{"InitializeActuators":{"count":3384,"self":0.011110199999999999,"total":0.011110199999999999,"children":null},"InitializeSensors":{"count":3384,"self":0.0442482,"total":0.0442482,"children":null},"AgentSendState":{"count":706401,"self":568.07971839999993,"total":588.9664806,"children":{"CollectObservations":{"count":754213,"self":0.83035419999999993,"total":0.83035419999999993,"children":null},"WriteActionMask":{"count":754213,"self":0.25672069999999997,"total":0.25672069999999997,"children":null},"RequestDecision":{"count":754213,"self":1.2142036999999999,"total":19.7996767,"children":{"AgentInfo.ToProto":{"count":754213,"self":0.9045416,"total":18.585473,"children":{"GenerateSensorData":{"count":754213,"self":10.4400128,"total":17.6809314,"children":{"RayPerceptionSensor.Perceive":{"count":2262639,"self":7.2409184,"total":7.2409181999999994,"children":null}}}}}}}}},"DecideAction":{"count":706401,"self":706.2356992,"total":706.2356999,"children":null},"AgentAct":{"count":706401,"self":19.718367999999998,"total":19.7335365,"children":{"AgentInfo.ToProto":{"count":206,"self":0,"total":0.005268,"children":{"GenerateSensorData":{"count":206,"self":0.0042664,"total":0.005268,"children":{"RayPerceptionSensor.Perceive":{"count":618,"self":0.0010016,"total":0.0010016,"children":null}}}}},"InitializeActuators":{"count":657,"self":0.0025158999999999997,"total":0.0025158999999999997,"children":null},"InitializeSensors":{"count":657,"self":0.0073853999999999994,"total":0.0073853999999999994,"children":null}}},"AgentInfo.ToProto":{"count":4399,"self":0.0095388,"total":0.1415342,"children":{"GenerateSensorData":{"count":4399,"self":0.0787745,"total":0.13199539999999998,"children":{"RayPerceptionSensor.Perceive":{"count":13197,"self":0.053220899999999995,"total":0.053220899999999995,"children":null}}}}}},"gauges":{"MarioAgent.CumulativeReward":{"count":572,"max":1.08335257,"min":-0.98,"runningAverage":-0.5247992,"value":0.08,"weightedAverage":0.0609118678}},"metadata":{"timer_format_version":"0.1.0","start_time_seconds":"1732067883","unity_version":"2022.3.10f1","command_line_arguments":"C:\\Program Files\\Unity\\Hub\\Editor\\2022.3.10f1\\Editor\\Unity.exe -projectpath C:\\Users\\alecp\\Unity Projects\\Mario AI -useHub -hubIPC -cloudEnvironment production -licensingIpc LicenseClient-alecp -hubSessionId eb0d4d68-aeb0-40b1-82c7-378351e1912d -accessToken bjtCSKSI_mn0C3tm8f-cQLcnamJts_1XKhVV-l6uC5M012f","communication_protocol_version":"1.5.0","com.unity.ml-agents_version":"2.0.1","scene_name":"FinalLevelShort","end_time_seconds":"1732069454"}}