{"count":1,"self":613.8692096,"total":2309.1814609,"children":{"InitializeActuators":{"count":1,"self":0,"total":0,"children":null},"InitializeSensors":{"count":1,"self":0.0035716999999999997,"total":0.0035716999999999997,"children":null},"AgentSendState":{"count":1844484,"self":2.1703761999999998,"total":349.0526493,"children":{"CollectObservations":{"count":368897,"self":1.2271876,"total":1.2271876,"children":null},"WriteActionMask":{"count":368897,"self":0.1913812,"total":0.1913812,"children":null},"RequestDecision":{"count":368897,"self":1.1478538,"total":345.46370429999996,"children":{"AgentInfo.ToProto":{"count":368897,"self":1.2088136,"total":344.3158505,"children":{"GenerateSensorData":{"count":368897,"self":6.3193703999999995,"total":343.10703689999997,"children":{"CameraSensor.GetCompressedObservation":{"count":368897,"self":336.78766079999997,"total":336.78766659999997,"children":null}}}}}}}}},"DecideAction":{"count":1844484,"self":1329.0399744,"total":1329.0399728,"children":null},"AgentAct":{"count":1844484,"self":16.965324799999998,"total":16.9653247,"children":null},"AgentInfo.ToProto":{"count":245,"self":0,"total":0.2507394,"children":{"GenerateSensorData":{"count":245,"self":0.0014728,"total":0.2507394,"children":{"CameraSensor.GetCompressedObservation":{"count":245,"self":0.24926659999999998,"total":0.24926659999999998,"children":null}}}}}},"gauges":{"MarioAgent.CumulativeReward":{"count":245,"max":-0.602094054,"min":-1.12845159,"runningAverage":-1.01519668,"value":-1.00365,"weightedAverage":-1.02231574}},"metadata":{"timer_format_version":"0.1.0","start_time_seconds":"1733083986","unity_version":"2022.3.10f1","command_line_arguments":"C:\\Program Files\\Unity\\Hub\\Editor\\2022.3.10f1\\Editor\\Unity.exe -projectpath C:\\Users\\alecp\\Unity Projects\\Mario AI -useHub -hubIPC -cloudEnvironment production -licensingIpc LicenseClient-alecp -hubSessionId 7d27fd0d-dd6c-4b93-8597-2bdf0b932b2c -accessToken 22PTKmrFUs5n0lX_8mizkT6R8f1VATr1-CZ3eDt-GCU012f","communication_protocol_version":"1.5.0","com.unity.ml-agents_version":"2.0.1","scene_name":"FinalLevelShort","end_time_seconds":"1733086296"}}