{"count":1,"self":268.801408,"total":2018.3411001999998,"children":{"InitializeActuators":{"count":1,"self":0.0009901,"total":0.0009901,"children":null},"InitializeSensors":{"count":1,"self":0.0038282999999999998,"total":0.0038282999999999998,"children":null},"AgentSendState":{"count":1249134,"self":1.7217308,"total":384.7053998,"children":{"CollectObservations":{"count":249827,"self":0.96181359999999994,"total":0.96181359999999994,"children":null},"WriteActionMask":{"count":249827,"self":0.11897139999999999,"total":0.11897139999999999,"children":null},"RequestDecision":{"count":249827,"self":0.9153439,"total":381.9028839,"children":{"AgentInfo.ToProto":{"count":249827,"self":1.1823873,"total":380.98753999999997,"children":{"GenerateSensorData":{"count":249827,"self":66.98528,"total":379.8051527,"children":{"CameraSensor.GetCompressedObservation":{"count":249827,"self":312.8198656,"total":312.819871,"children":null}}}}}}}}},"DecideAction":{"count":1249134,"self":1350.616064,"total":1350.616077,"children":null},"AgentAct":{"count":1249134,"self":13.838296,"total":13.838296199999998,"children":null},"AgentInfo.ToProto":{"count":246,"self":0.0014858999999999999,"total":0.3745842,"children":{"GenerateSensorData":{"count":246,"self":0.051537599999999996,"total":0.3730983,"children":{"CameraSensor.GetCompressedObservation":{"count":246,"self":0.3215607,"total":0.3215607,"children":null}}}}}},"gauges":{"MarioAgent.CumulativeReward":{"count":246,"max":133.198914,"min":-1.27869987,"runningAverage":56.08544,"value":132.721573,"weightedAverage":132.754791}},"metadata":{"timer_format_version":"0.1.0","start_time_seconds":"1732076536","unity_version":"2022.3.10f1","command_line_arguments":"C:\\Program Files\\Unity\\Hub\\Editor\\2022.3.10f1\\Editor\\Unity.exe -projectpath C:\\Users\\alecp\\Unity Projects\\Mario AI -useHub -hubIPC -cloudEnvironment production -licensingIpc LicenseClient-alecp -hubSessionId eb0d4d68-aeb0-40b1-82c7-378351e1912d -accessToken bjtCSKSI_mn0C3tm8f-cQLcnamJts_1XKhVV-l6uC5M012f","communication_protocol_version":"1.5.0","com.unity.ml-agents_version":"2.0.1","scene_name":"FirstLevel","end_time_seconds":"1732078554"}}